samp_2147_39116	gvpa_NZ_JXYX01000004.1:193487-193702	97.222	216	6	0	75	290	1	216	4.13e-104	366	22	gvpa_NZ_JXYX01000004.1:193487-193702 Microcystis aeruginosa NIES-88 scaffold4, whole genome shotgun sequence	991
samp_2147_39116	gvpa_NZ_JXYX01000004.1:192900-193115	96.296	216	8	0	75	290	1	216	8.95e-101	355	22	gvpa_NZ_JXYX01000004.1:192900-193115 Microcystis aeruginosa NIES-88 scaffold4, whole genome shotgun sequence	991
samp_2147_39116	gvpa_NZ_CP020114.1:991665-991880	84.186	215	34	0	76	290	2	216	7.37e-57	209	22	gvpa_NZ_CP020114.1:991665-991880 Nodularia spumigena UHCC 0039 chromosome, complete genome	991
samp_2147_39116	gvpa_NZ_CP020114.1:991322-991537	81.019	216	41	0	75	290	1	216	9.67e-46	172	22	gvpa_NZ_CP020114.1:991322-991537 Nodularia spumigena UHCC 0039 chromosome, complete genome	991
samp_2147_109067	gvpa_NZ_JACJTO010000039.1:21140-21355	93.909	197	12	0	2	198	20	216	3.27e-84	298	89	gvpa_NZ_JACJTO010000039.1:21140-21355 Aphanizomenon flos-aquae FACHB-1287 contig39, whole genome shotgun sequence	221
samp_2147_109067	gvpa_NZ_JACJTO010000039.1:21457-21672	93.909	197	12	0	2	198	20	216	3.27e-84	298	89	gvpa_NZ_JACJTO010000039.1:21457-21672 Aphanizomenon flos-aquae FACHB-1287 contig39, whole genome shotgun sequence	221
samp_2147_109067	gvpa_NZ_CP073250.1:2493717-2493932	91.371	197	17	0	2	198	20	216	7.12e-76	270	89	gvpa_NZ_CP073250.1:2493717-2493932 Cylindrospermopsis raciborskii N8 chromosome, complete genome	221
samp_2147_109067	gvpa_NZ_CP073250.1:2494040-2494255	90.863	197	18	0	2	198	20	216	3.31e-74	265	89	gvpa_NZ_CP073250.1:2494040-2494255 Cylindrospermopsis raciborskii N8 chromosome, complete genome	221
samp_2147_109067	gvpa_NZ_CP020114.1:991665-991880	89.899	198	20	0	1	198	19	216	1.99e-71	255	90	gvpa_NZ_CP020114.1:991665-991880 Nodularia spumigena UHCC 0039 chromosome, complete genome	221
samp_2147_109067	gvpa_NZ_JANQDJ010000044.1:81983-82198	86.869	198	24	2	2	198	20	216	7.27e-61	220	89	gvpa_NZ_JANQDJ010000044.1:81983-82198 Umezakia ovalisporum Ak1311 k141_5690, whole genome shotgun sequence	221
samp_2147_109067	gvpa_NZ_CP020114.1:991322-991537	87.293	181	21	2	19	198	37	216	2.04e-56	206	81	gvpa_NZ_CP020114.1:991322-991537 Nodularia spumigena UHCC 0039 chromosome, complete genome	221
samp_2147_109842	gvpa_NZ_JXYX01000004.1:192900-193115	98.621	145	2	0	246	390	1	145	1.01e-71	257	37	gvpa_NZ_JXYX01000004.1:192900-193115 Microcystis aeruginosa NIES-88 scaffold4, whole genome shotgun sequence	390
samp_2147_109842	gvpa_NZ_JXYX01000004.1:193487-193702	97.241	145	4	0	246	390	1	145	2.18e-68	246	37	gvpa_NZ_JXYX01000004.1:193487-193702 Microcystis aeruginosa NIES-88 scaffold4, whole genome shotgun sequence	390
samp_2147_125163	gvpc_AJ577136_2614_3252_Microcystis_aeruginosa_PCC7806	97.778	225	5	0	1	225	415	639	5.61e-111	388	36	gvpc_AJ577136_2614_3252_Microcystis_aeruginosa_PCC7806	633
samp_2147_125163	gvpc_AJ577136_2614_3252_Microcystis_aeruginosa_PCC7806	86.935	199	24	2	1	198	316	513	6.02e-61	222	36	gvpc_AJ577136_2614_3252_Microcystis_aeruginosa_PCC7806	633
samp_2147_162031	gvpc_AJ577136_2614_3252_Microcystis_aeruginosa_PCC7806	97.509	281	7	0	1	281	617	337	3.90e-139	481	100	gvpc_AJ577136_2614_3252_Microcystis_aeruginosa_PCC7806	281
samp_2147_162031	gvpc_AJ577136_2614_3252_Microcystis_aeruginosa_PCC7806	87.365	277	33	2	6	281	513	238	1.16e-89	316	100	gvpc_AJ577136_2614_3252_Microcystis_aeruginosa_PCC7806	281
samp_2147_190729	gvpc_AJ577136_2614_3252_Microcystis_aeruginosa_PCC7806	95.315	555	26	0	4731	5285	1	555	0.0	881	11	gvpc_AJ577136_2614_3252_Microcystis_aeruginosa_PCC7806	5285
samp_2147_190729	gvpc_AJ577136_2614_3252_Microcystis_aeruginosa_PCC7806	88.189	254	30	0	5032	5285	203	456	1.77e-84	303	11	gvpc_AJ577136_2614_3252_Microcystis_aeruginosa_PCC7806	5285
samp_2147_190729	gvpa_NZ_JXYX01000004.1:192900-193115	98.148	216	4	0	4074	4289	216	1	1.03e-106	377	8	gvpa_NZ_JXYX01000004.1:192900-193115 Microcystis aeruginosa NIES-88 scaffold4, whole genome shotgun sequence	5285
samp_2147_190729	gvpa_NZ_JXYX01000004.1:192900-193115	96.296	216	8	0	3487	3702	216	1	4.81e-100	355	8	gvpa_NZ_JXYX01000004.1:192900-193115 Microcystis aeruginosa NIES-88 scaffold4, whole genome shotgun sequence	5285
samp_2147_190729	gvpa_NZ_JXYX01000004.1:193487-193702	97.685	216	5	0	3487	3702	216	1	4.77e-105	372	8	gvpa_NZ_JXYX01000004.1:193487-193702 Microcystis aeruginosa NIES-88 scaffold4, whole genome shotgun sequence	5285
samp_2147_190729	gvpa_NZ_JXYX01000004.1:193487-193702	97.222	216	6	0	4074	4289	216	1	2.22e-103	366	8	gvpa_NZ_JXYX01000004.1:193487-193702 Microcystis aeruginosa NIES-88 scaffold4, whole genome shotgun sequence	5285
samp_2147_190729	gvpa_NZ_CP020114.1:991665-991880	84.651	215	33	0	3487	3701	216	2	8.51e-58	215	8	gvpa_NZ_CP020114.1:991665-991880 Nodularia spumigena UHCC 0039 chromosome, complete genome	5285
samp_2147_190729	gvpa_NZ_CP020114.1:991665-991880	84.186	215	34	0	4074	4288	216	2	3.96e-56	209	8	gvpa_NZ_CP020114.1:991665-991880 Nodularia spumigena UHCC 0039 chromosome, complete genome	5285
samp_2147_190729	gvpa_NZ_CP020114.1:991322-991537	81.481	216	40	0	4074	4289	216	1	1.12e-46	178	8	gvpa_NZ_CP020114.1:991322-991537 Nodularia spumigena UHCC 0039 chromosome, complete genome	5285
samp_2147_190729	gvpa_NZ_CP020114.1:991322-991537	81.019	216	41	0	3487	3702	216	1	5.19e-45	172	8	gvpa_NZ_CP020114.1:991322-991537 Nodularia spumigena UHCC 0039 chromosome, complete genome	5285
samp_2147_197164	gvpa_NZ_JXYX01000004.1:193487-193702	98.148	216	4	0	525	740	216	1	2.13e-107	377	23	gvpa_NZ_JXYX01000004.1:193487-193702 Microcystis aeruginosa NIES-88 scaffold4, whole genome shotgun sequence	1101
samp_2147_197164	gvpa_NZ_JXYX01000004.1:193487-193702	100.000	33	0	0	1069	1101	216	184	2.43e-12	62.1	23	gvpa_NZ_JXYX01000004.1:193487-193702 Microcystis aeruginosa NIES-88 scaffold4, whole genome shotgun sequence	1101
samp_2147_197164	gvpa_NZ_JXYX01000004.1:192900-193115	95.833	216	9	0	525	740	216	1	4.63e-99	350	23	gvpa_NZ_JXYX01000004.1:192900-193115 Microcystis aeruginosa NIES-88 scaffold4, whole genome shotgun sequence	1101
samp_2147_197164	gvpa_NZ_JXYX01000004.1:192900-193115	100.000	33	0	0	1069	1101	216	184	2.43e-12	62.1	23	gvpa_NZ_JXYX01000004.1:192900-193115 Microcystis aeruginosa NIES-88 scaffold4, whole genome shotgun sequence	1101
samp_2147_197164	gvpa_NZ_CP020114.1:991665-991880	84.651	215	33	0	525	739	216	2	1.76e-58	215	23	gvpa_NZ_CP020114.1:991665-991880 Nodularia spumigena UHCC 0039 chromosome, complete genome	1101
samp_2147_197164	gvpa_NZ_CP020114.1:991665-991880	96.970	33	1	0	1069	1101	216	184	1.13e-10	56.5	23	gvpa_NZ_CP020114.1:991665-991880 Nodularia spumigena UHCC 0039 chromosome, complete genome	1101
samp_2147_197164	gvpa_NZ_CP020114.1:991322-991537	82.407	216	38	0	525	740	216	1	1.07e-50	189	23	gvpa_NZ_CP020114.1:991322-991537 Nodularia spumigena UHCC 0039 chromosome, complete genome	1101
samp_2147_197164	gvpa_NZ_CP020114.1:991322-991537	96.970	33	1	0	1069	1101	216	184	1.13e-10	56.5	23	gvpa_NZ_CP020114.1:991322-991537 Nodularia spumigena UHCC 0039 chromosome, complete genome	1101
samp_2147_231783	gvpa_NZ_JACJTO010000039.1:21457-21672	98.266	173	3	0	1	173	44	216	1.58e-85	303	36	gvpa_NZ_JACJTO010000039.1:21457-21672 Aphanizomenon flos-aquae FACHB-1287 contig39, whole genome shotgun sequence	482
samp_2147_231783	gvpa_NZ_JACJTO010000039.1:21140-21355	97.688	173	4	0	1	173	44	216	7.35e-84	298	36	gvpa_NZ_JACJTO010000039.1:21140-21355 Aphanizomenon flos-aquae FACHB-1287 contig39, whole genome shotgun sequence	482
samp_2147_231783	gvpa_NZ_CP073250.1:2494040-2494255	91.329	173	15	0	1	173	44	216	1.62e-65	237	36	gvpa_NZ_CP073250.1:2494040-2494255 Cylindrospermopsis raciborskii N8 chromosome, complete genome	482
samp_2147_231783	gvpa_NZ_CP020114.1:991665-991880	90.751	173	16	0	1	173	44	216	7.56e-64	231	36	gvpa_NZ_CP020114.1:991665-991880 Nodularia spumigena UHCC 0039 chromosome, complete genome	482
samp_2147_231783	gvpa_NZ_CP020114.1:991322-991537	90.173	173	17	0	1	173	44	216	3.52e-62	226	36	gvpa_NZ_CP020114.1:991322-991537 Nodularia spumigena UHCC 0039 chromosome, complete genome	482
samp_2147_231783	gvpa_NZ_JXYX01000004.1:192900-193115	84.393	173	27	0	1	173	44	216	1.67e-45	171	36	gvpa_NZ_JXYX01000004.1:192900-193115 Microcystis aeruginosa NIES-88 scaffold4, whole genome shotgun sequence	482
samp_2147_231783	gvpa_NZ_JXYX01000004.1:193487-193702	84.393	173	27	0	1	173	44	216	1.67e-45	171	36	gvpa_NZ_JXYX01000004.1:193487-193702 Microcystis aeruginosa NIES-88 scaffold4, whole genome shotgun sequence	482
samp_2147_255008	gvpa_NZ_JACJTO010000039.1:21140-21355	94.068	118	7	0	86	203	216	99	1.13e-48	180	58	gvpa_NZ_JACJTO010000039.1:21140-21355 Aphanizomenon flos-aquae FACHB-1287 contig39, whole genome shotgun sequence	203
samp_2147_255008	gvpa_NZ_JACJTO010000039.1:21457-21672	94.068	118	7	0	86	203	216	99	1.13e-48	180	58	gvpa_NZ_JACJTO010000039.1:21457-21672 Aphanizomenon flos-aquae FACHB-1287 contig39, whole genome shotgun sequence	203
samp_2147_255008	gvpa_NZ_CP020114.1:991665-991880	93.162	117	8	0	86	202	216	100	1.89e-46	172	58	gvpa_NZ_CP020114.1:991665-991880 Nodularia spumigena UHCC 0039 chromosome, complete genome	203
samp_2147_255008	gvpa_NZ_CP073250.1:2494040-2494255	92.308	117	9	0	86	202	216	100	8.77e-45	167	58	gvpa_NZ_CP073250.1:2494040-2494255 Cylindrospermopsis raciborskii N8 chromosome, complete genome	203
samp_2147_255008	gvpa_NZ_CP020114.1:991322-991537	91.525	118	8	2	86	202	216	100	4.08e-43	161	58	gvpa_NZ_CP020114.1:991322-991537 Nodularia spumigena UHCC 0039 chromosome, complete genome	203
samp_2147_255008	gvpa_NZ_JANQDJ010000044.1:81983-82198	90.756	119	9	2	86	203	216	99	5.28e-42	158	58	gvpa_NZ_JANQDJ010000044.1:81983-82198 Umezakia ovalisporum Ak1311 k141_5690, whole genome shotgun sequence	203
samp_2147_323769	gvpa_NZ_JXYX01000004.1:192900-193115	94.907	216	11	0	239	454	1	216	6.15e-96	339	32	gvpa_NZ_JXYX01000004.1:192900-193115 Microcystis aeruginosa NIES-88 scaffold4, whole genome shotgun sequence	679
samp_2147_323769	gvpa_NZ_JXYX01000004.1:193487-193702	94.444	216	12	0	239	454	1	216	2.86e-94	333	32	gvpa_NZ_JXYX01000004.1:193487-193702 Microcystis aeruginosa NIES-88 scaffold4, whole genome shotgun sequence	679
samp_2147_372541	gvpa_NZ_JACJTO010000039.1:21140-21355	93.220	118	8	0	584	701	216	99	1.90e-46	174	17	gvpa_NZ_JACJTO010000039.1:21140-21355 Aphanizomenon flos-aquae FACHB-1287 contig39, whole genome shotgun sequence	701
samp_2147_372541	gvpa_NZ_JACJTO010000039.1:21457-21672	93.220	118	8	0	584	701	216	99	1.90e-46	174	17	gvpa_NZ_JACJTO010000039.1:21457-21672 Aphanizomenon flos-aquae FACHB-1287 contig39, whole genome shotgun sequence	701
samp_2147_372541	gvpa_NZ_CP073250.1:2493717-2493932	92.308	117	9	0	584	700	216	100	3.18e-44	167	17	gvpa_NZ_CP073250.1:2493717-2493932 Cylindrospermopsis raciborskii N8 chromosome, complete genome	701
samp_2147_372541	gvpa_NZ_CP020114.1:991665-991880	92.308	117	9	0	584	700	216	100	3.18e-44	167	17	gvpa_NZ_CP020114.1:991665-991880 Nodularia spumigena UHCC 0039 chromosome, complete genome	701
samp_2147_372541	gvpa_NZ_CP020114.1:991322-991537	91.453	117	10	0	584	700	216	100	1.48e-42	161	17	gvpa_NZ_CP020114.1:991322-991537 Nodularia spumigena UHCC 0039 chromosome, complete genome	701
samp_2147_372541	gvpa_NZ_CP073250.1:2494040-2494255	90.598	117	11	0	584	700	216	100	6.87e-41	156	17	gvpa_NZ_CP073250.1:2494040-2494255 Cylindrospermopsis raciborskii N8 chromosome, complete genome	701
samp_2147_372541	gvpa_NZ_JANQDJ010000044.1:81983-82198	89.831	118	12	0	584	701	216	99	8.89e-40	152	17	gvpa_NZ_JANQDJ010000044.1:81983-82198 Umezakia ovalisporum Ak1311 k141_5690, whole genome shotgun sequence	701
samp_2147_426448	gvpa_NZ_JACJTO010000039.1:21457-21672	92.593	216	16	0	85	300	1	216	1.01e-87	311	64	gvpa_NZ_JACJTO010000039.1:21457-21672 Aphanizomenon flos-aquae FACHB-1287 contig39, whole genome shotgun sequence	513
samp_2147_426448	gvpa_NZ_JACJTO010000039.1:21457-21672	99.107	112	1	0	402	513	1	112	6.32e-55	202	64	gvpa_NZ_JACJTO010000039.1:21457-21672 Aphanizomenon flos-aquae FACHB-1287 contig39, whole genome shotgun sequence	513
samp_2147_426448	gvpa_NZ_JACJTO010000039.1:21140-21355	92.130	216	17	0	85	300	1	216	4.68e-86	305	64	gvpa_NZ_JACJTO010000039.1:21140-21355 Aphanizomenon flos-aquae FACHB-1287 contig39, whole genome shotgun sequence	513
samp_2147_426448	gvpa_NZ_JACJTO010000039.1:21140-21355	99.107	112	1	0	402	513	1	112	6.32e-55	202	64	gvpa_NZ_JACJTO010000039.1:21140-21355 Aphanizomenon flos-aquae FACHB-1287 contig39, whole genome shotgun sequence	513
samp_2147_426448	gvpa_NZ_CP073250.1:2494040-2494255	89.815	216	22	0	85	300	1	216	1.02e-77	278	42	gvpa_NZ_CP073250.1:2494040-2494255 Cylindrospermopsis raciborskii N8 chromosome, complete genome	513
samp_2147_426448	gvpa_NZ_CP020114.1:991665-991880	88.837	215	24	0	86	300	2	216	7.95e-74	265	42	gvpa_NZ_CP020114.1:991665-991880 Nodularia spumigena UHCC 0039 chromosome, complete genome	513
samp_2147_426448	gvpa_NZ_CP020114.1:991322-991537	87.500	216	27	0	85	300	1	216	2.22e-69	250	42	gvpa_NZ_CP020114.1:991322-991537 Nodularia spumigena UHCC 0039 chromosome, complete genome	513
samp_2147_503785	gvpc_AJ577136_2614_3252_Microcystis_aeruginosa_PCC7806	98.222	225	4	0	1	225	415	639	3.10e-112	394	14	gvpc_AJ577136_2614_3252_Microcystis_aeruginosa_PCC7806	1609
samp_2147_503785	gvpc_AJ577136_2614_3252_Microcystis_aeruginosa_PCC7806	86.869	198	26	0	1	198	316	513	1.55e-60	222	14	gvpc_AJ577136_2614_3252_Microcystis_aeruginosa_PCC7806	1609
samp_2147_626753	gvpa_NZ_JACJTO010000039.1:21457-21672	99.537	216	1	0	30	245	1	216	8.64e-113	394	72	gvpa_NZ_JACJTO010000039.1:21457-21672 Aphanizomenon flos-aquae FACHB-1287 contig39, whole genome shotgun sequence	458
samp_2147_626753	gvpa_NZ_JACJTO010000039.1:21457-21672	99.107	112	1	0	347	458	1	112	5.62e-55	202	72	gvpa_NZ_JACJTO010000039.1:21457-21672 Aphanizomenon flos-aquae FACHB-1287 contig39, whole genome shotgun sequence	458
samp_2147_626753	gvpa_NZ_JACJTO010000039.1:21140-21355	99.074	216	2	0	30	245	1	216	4.02e-111	388	72	gvpa_NZ_JACJTO010000039.1:21140-21355 Aphanizomenon flos-aquae FACHB-1287 contig39, whole genome shotgun sequence	458
samp_2147_626753	gvpa_NZ_JACJTO010000039.1:21140-21355	99.107	112	1	0	347	458	1	112	5.62e-55	202	72	gvpa_NZ_JACJTO010000039.1:21140-21355 Aphanizomenon flos-aquae FACHB-1287 contig39, whole genome shotgun sequence	458
samp_2147_626753	gvpa_NZ_CP020114.1:991665-991880	89.767	215	22	0	31	245	2	216	3.27e-77	276	47	gvpa_NZ_CP020114.1:991665-991880 Nodularia spumigena UHCC 0039 chromosome, complete genome	458
samp_2147_626753	gvpa_NZ_CP073250.1:2494040-2494255	89.352	216	23	0	30	245	1	216	4.22e-76	272	47	gvpa_NZ_CP073250.1:2494040-2494255 Cylindrospermopsis raciborskii N8 chromosome, complete genome	458
samp_2147_626753	gvpa_NZ_CP020114.1:991322-991537	85.648	216	31	0	30	245	1	216	9.27e-63	228	47	gvpa_NZ_CP020114.1:991322-991537 Nodularia spumigena UHCC 0039 chromosome, complete genome	458
samp_2147_661567	gvpa_NZ_JACJTO010000039.1:21140-21355	93.401	197	13	0	2	198	20	216	1.97e-82	292	70	gvpa_NZ_JACJTO010000039.1:21140-21355 Aphanizomenon flos-aquae FACHB-1287 contig39, whole genome shotgun sequence	283
samp_2147_661567	gvpa_NZ_JACJTO010000039.1:21457-21672	93.401	197	13	0	2	198	20	216	1.97e-82	292	70	gvpa_NZ_JACJTO010000039.1:21457-21672 Aphanizomenon flos-aquae FACHB-1287 contig39, whole genome shotgun sequence	283
samp_2147_661567	gvpa_NZ_CP073250.1:2493717-2493932	91.878	197	16	0	2	198	20	216	1.99e-77	276	70	gvpa_NZ_CP073250.1:2493717-2493932 Cylindrospermopsis raciborskii N8 chromosome, complete genome	283
samp_2147_661567	gvpa_NZ_CP073250.1:2494040-2494255	90.355	197	19	0	2	198	20	216	2.00e-72	259	70	gvpa_NZ_CP073250.1:2494040-2494255 Cylindrospermopsis raciborskii N8 chromosome, complete genome	283
samp_2147_661567	gvpa_NZ_CP020114.1:991665-991880	89.394	198	21	0	1	198	19	216	1.21e-69	250	70	gvpa_NZ_CP020114.1:991665-991880 Nodularia spumigena UHCC 0039 chromosome, complete genome	283
samp_2147_661567	gvpa_NZ_JANQDJ010000044.1:81983-82198	86.802	197	26	0	2	198	20	216	9.45e-61	220	70	gvpa_NZ_JANQDJ010000044.1:81983-82198 Umezakia ovalisporum Ak1311 k141_5690, whole genome shotgun sequence	283
samp_2147_661567	gvpa_NZ_CP020114.1:991322-991537	86.667	180	24	0	19	198	37	216	1.23e-54	200	64	gvpa_NZ_CP020114.1:991322-991537 Nodularia spumigena UHCC 0039 chromosome, complete genome	283
samp_2147_696427	gvpa_NZ_JACJTO010000039.1:21140-21355	94.068	118	7	0	3456	3573	216	99	2.10e-47	180	3	gvpa_NZ_JACJTO010000039.1:21140-21355 Aphanizomenon flos-aquae FACHB-1287 contig39, whole genome shotgun sequence	3573
samp_2147_696427	gvpa_NZ_JACJTO010000039.1:21457-21672	94.068	118	7	0	3456	3573	216	99	2.10e-47	180	3	gvpa_NZ_JACJTO010000039.1:21457-21672 Aphanizomenon flos-aquae FACHB-1287 contig39, whole genome shotgun sequence	3573
samp_2147_696427	gvpa_NZ_CP020114.1:991665-991880	93.162	117	8	0	3456	3572	216	100	3.52e-45	172	3	gvpa_NZ_CP020114.1:991665-991880 Nodularia spumigena UHCC 0039 chromosome, complete genome	3573
samp_2147_696427	gvpa_NZ_CP073250.1:2494040-2494255	92.308	117	9	0	3456	3572	216	100	1.64e-43	167	3	gvpa_NZ_CP073250.1:2494040-2494255 Cylindrospermopsis raciborskii N8 chromosome, complete genome	3573
samp_2147_696427	gvpa_NZ_CP020114.1:991322-991537	91.525	118	8	2	3456	3572	216	100	7.61e-42	161	3	gvpa_NZ_CP020114.1:991322-991537 Nodularia spumigena UHCC 0039 chromosome, complete genome	3573
samp_2147_696427	gvpa_NZ_JANQDJ010000044.1:81983-82198	90.756	119	9	2	3456	3573	216	99	9.85e-41	158	3	gvpa_NZ_JANQDJ010000044.1:81983-82198 Umezakia ovalisporum Ak1311 k141_5690, whole genome shotgun sequence	3573
samp_2147_708608	gvpa_NZ_JXYX01000004.1:193487-193702	96.703	91	3	0	323	413	216	126	5.19e-40	152	22	gvpa_NZ_JXYX01000004.1:193487-193702 Microcystis aeruginosa NIES-88 scaffold4, whole genome shotgun sequence	413
samp_2147_708608	gvpa_NZ_JXYX01000004.1:192900-193115	95.604	91	4	0	323	413	216	126	2.41e-38	147	22	gvpa_NZ_JXYX01000004.1:192900-193115 Microcystis aeruginosa NIES-88 scaffold4, whole genome shotgun sequence	413
samp_2147_708608	gvpa_NZ_CP020114.1:991665-991880	93.407	91	6	0	323	413	216	126	5.22e-35	135	22	gvpa_NZ_CP020114.1:991665-991880 Nodularia spumigena UHCC 0039 chromosome, complete genome	413
samp_2147_708608	gvpa_NZ_CP020114.1:991322-991537	89.011	91	10	0	323	413	216	126	2.45e-28	113	22	gvpa_NZ_CP020114.1:991322-991537 Nodularia spumigena UHCC 0039 chromosome, complete genome	413
samp_2147_861641	gvpa_NZ_JACJTO010000039.1:21140-21355	92.308	195	15	0	1	195	195	1	8.16e-78	278	76	gvpa_NZ_JACJTO010000039.1:21140-21355 Aphanizomenon flos-aquae FACHB-1287 contig39, whole genome shotgun sequence	411
samp_2147_861641	gvpa_NZ_JACJTO010000039.1:21140-21355	93.220	118	8	0	294	411	216	99	1.10e-46	174	76	gvpa_NZ_JACJTO010000039.1:21140-21355 Aphanizomenon flos-aquae FACHB-1287 contig39, whole genome shotgun sequence	411
samp_2147_861641	gvpa_NZ_JACJTO010000039.1:21457-21672	92.308	195	15	0	1	195	195	1	8.16e-78	278	76	gvpa_NZ_JACJTO010000039.1:21457-21672 Aphanizomenon flos-aquae FACHB-1287 contig39, whole genome shotgun sequence	411
samp_2147_861641	gvpa_NZ_JACJTO010000039.1:21457-21672	93.220	118	8	0	294	411	216	99	1.10e-46	174	76	gvpa_NZ_JACJTO010000039.1:21457-21672 Aphanizomenon flos-aquae FACHB-1287 contig39, whole genome shotgun sequence	411
samp_2147_861641	gvpa_NZ_CP073250.1:2493717-2493932	91.795	195	16	0	1	195	195	1	3.80e-76	272	76	gvpa_NZ_CP073250.1:2493717-2493932 Cylindrospermopsis raciborskii N8 chromosome, complete genome	411
samp_2147_861641	gvpa_NZ_CP073250.1:2493717-2493932	92.308	117	9	0	294	410	216	100	1.84e-44	167	76	gvpa_NZ_CP073250.1:2493717-2493932 Cylindrospermopsis raciborskii N8 chromosome, complete genome	411
samp_2147_861641	gvpa_NZ_CP020114.1:991665-991880	87.629	194	24	0	1	194	195	2	3.00e-62	226	76	gvpa_NZ_CP020114.1:991665-991880 Nodularia spumigena UHCC 0039 chromosome, complete genome	411
samp_2147_861641	gvpa_NZ_CP020114.1:991665-991880	92.308	117	9	0	294	410	216	100	1.84e-44	167	76	gvpa_NZ_CP020114.1:991665-991880 Nodularia spumigena UHCC 0039 chromosome, complete genome	411
samp_2147_861641	gvpa_NZ_JANQDJ010000044.1:81983-82198	85.641	195	28	0	1	195	195	1	3.91e-56	206	76	gvpa_NZ_JANQDJ010000044.1:81983-82198 Umezakia ovalisporum Ak1311 k141_5690, whole genome shotgun sequence	411
samp_2147_861641	gvpa_NZ_JANQDJ010000044.1:81983-82198	89.831	118	12	0	294	411	216	99	5.16e-40	152	76	gvpa_NZ_JANQDJ010000044.1:81983-82198 Umezakia ovalisporum Ak1311 k141_5690, whole genome shotgun sequence	411
samp_2147_861641	gvpa_NZ_CP020114.1:991322-991537	83.590	195	32	0	1	195	195	1	1.83e-49	183	76	gvpa_NZ_CP020114.1:991322-991537 Nodularia spumigena UHCC 0039 chromosome, complete genome	411
samp_2147_861641	gvpa_NZ_CP020114.1:991322-991537	91.453	117	10	0	294	410	216	100	8.57e-43	161	76	gvpa_NZ_CP020114.1:991322-991537 Nodularia spumigena UHCC 0039 chromosome, complete genome	411
samp_2147_861641	gvpa_NZ_CP073250.1:2494040-2494255	90.598	117	11	0	294	410	216	100	3.99e-41	156	28	gvpa_NZ_CP073250.1:2494040-2494255 Cylindrospermopsis raciborskii N8 chromosome, complete genome	411
samp_2147_861805	gvpa_NZ_JACJTO010000039.1:21140-21355	91.795	195	16	0	1	195	195	1	3.27e-76	272	73	gvpa_NZ_JACJTO010000039.1:21140-21355 Aphanizomenon flos-aquae FACHB-1287 contig39, whole genome shotgun sequence	356
samp_2147_861805	gvpa_NZ_JACJTO010000039.1:21140-21355	95.455	66	3	0	291	356	216	151	3.51e-26	106	73	gvpa_NZ_JACJTO010000039.1:21140-21355 Aphanizomenon flos-aquae FACHB-1287 contig39, whole genome shotgun sequence	356
samp_2147_861805	gvpa_NZ_JACJTO010000039.1:21457-21672	91.795	195	16	0	1	195	195	1	3.27e-76	272	73	gvpa_NZ_JACJTO010000039.1:21457-21672 Aphanizomenon flos-aquae FACHB-1287 contig39, whole genome shotgun sequence	356
samp_2147_861805	gvpa_NZ_JACJTO010000039.1:21457-21672	95.455	66	3	0	291	356	216	151	3.51e-26	106	73	gvpa_NZ_JACJTO010000039.1:21457-21672 Aphanizomenon flos-aquae FACHB-1287 contig39, whole genome shotgun sequence	356
samp_2147_861805	gvpa_NZ_CP073250.1:2493717-2493932	91.282	195	17	0	1	195	195	1	1.52e-74	267	55	gvpa_NZ_CP073250.1:2493717-2493932 Cylindrospermopsis raciborskii N8 chromosome, complete genome	356
samp_2147_861805	gvpa_NZ_CP020114.1:991665-991880	87.113	194	25	0	1	194	195	2	1.20e-60	220	73	gvpa_NZ_CP020114.1:991665-991880 Nodularia spumigena UHCC 0039 chromosome, complete genome	356
samp_2147_861805	gvpa_NZ_CP020114.1:991665-991880	93.939	66	4	0	291	356	216	151	1.63e-24	100	73	gvpa_NZ_CP020114.1:991665-991880 Nodularia spumigena UHCC 0039 chromosome, complete genome	356
samp_2147_861805	gvpa_NZ_JANQDJ010000044.1:81983-82198	85.128	195	29	0	1	195	195	1	1.57e-54	200	55	gvpa_NZ_JANQDJ010000044.1:81983-82198 Umezakia ovalisporum Ak1311 k141_5690, whole genome shotgun sequence	356
samp_2147_861805	gvpa_NZ_CP047242.1:1394013-1394228	84.615	195	30	0	1	195	195	1	7.28e-53	195	55	gvpa_NZ_CP047242.1:1394013-1394228 Trichormus variabilis 0441 chromosome, complete genome	356
samp_2147_861805	gvpa_NZ_CP020114.1:991322-991537	84.103	195	31	0	1	195	195	1	3.39e-51	189	73	gvpa_NZ_CP020114.1:991322-991537 Nodularia spumigena UHCC 0039 chromosome, complete genome	356
samp_2147_861805	gvpa_NZ_CP020114.1:991322-991537	92.537	67	3	2	291	356	216	151	7.60e-23	95.3	73	gvpa_NZ_CP020114.1:991322-991537 Nodularia spumigena UHCC 0039 chromosome, complete genome	356
samp_2147_861805	gvpa_NZ_CP073250.1:2494040-2494255	95.455	66	3	0	291	356	216	151	3.51e-26	106	19	gvpa_NZ_CP073250.1:2494040-2494255 Cylindrospermopsis raciborskii N8 chromosome, complete genome	356
samp_2147_917224	gvpa_NZ_JACJTO010000039.1:21140-21355	93.519	216	14	0	2	217	216	1	3.94e-91	322	77	gvpa_NZ_JACJTO010000039.1:21140-21355 Aphanizomenon flos-aquae FACHB-1287 contig39, whole genome shotgun sequence	437
samp_2147_917224	gvpa_NZ_JACJTO010000039.1:21140-21355	93.443	122	8	0	316	437	216	95	6.98e-49	182	77	gvpa_NZ_JACJTO010000039.1:21140-21355 Aphanizomenon flos-aquae FACHB-1287 contig39, whole genome shotgun sequence	437
samp_2147_917224	gvpa_NZ_JACJTO010000039.1:21457-21672	93.519	216	14	0	2	217	216	1	3.94e-91	322	77	gvpa_NZ_JACJTO010000039.1:21457-21672 Aphanizomenon flos-aquae FACHB-1287 contig39, whole genome shotgun sequence	437
samp_2147_917224	gvpa_NZ_JACJTO010000039.1:21457-21672	93.443	122	8	0	316	437	216	95	6.98e-49	182	77	gvpa_NZ_JACJTO010000039.1:21457-21672 Aphanizomenon flos-aquae FACHB-1287 contig39, whole genome shotgun sequence	437
samp_2147_917224	gvpa_NZ_CP073250.1:2493717-2493932	90.741	216	20	0	2	217	216	1	4.00e-81	289	77	gvpa_NZ_CP073250.1:2493717-2493932 Cylindrospermopsis raciborskii N8 chromosome, complete genome	437
samp_2147_917224	gvpa_NZ_CP073250.1:2493717-2493932	92.623	122	9	0	316	437	216	95	3.25e-47	176	77	gvpa_NZ_CP073250.1:2493717-2493932 Cylindrospermopsis raciborskii N8 chromosome, complete genome	437
samp_2147_917224	gvpa_NZ_CP073250.1:2494040-2494255	89.352	216	23	0	2	217	216	1	4.02e-76	272	77	gvpa_NZ_CP073250.1:2494040-2494255 Cylindrospermopsis raciborskii N8 chromosome, complete genome	437
samp_2147_917224	gvpa_NZ_CP073250.1:2494040-2494255	90.984	122	11	0	316	437	216	95	7.03e-44	165	77	gvpa_NZ_CP073250.1:2494040-2494255 Cylindrospermopsis raciborskii N8 chromosome, complete genome	437
samp_2147_917224	gvpa_NZ_CP020114.1:991665-991880	87.907	215	26	0	2	216	216	2	1.46e-70	254	76	gvpa_NZ_CP020114.1:991665-991880 Nodularia spumigena UHCC 0039 chromosome, complete genome	437
samp_2147_917224	gvpa_NZ_CP020114.1:991665-991880	92.308	117	9	0	316	432	216	100	1.95e-44	167	76	gvpa_NZ_CP020114.1:991665-991880 Nodularia spumigena UHCC 0039 chromosome, complete genome	437
samp_2147_917224	gvpa_NZ_JANQDJ010000044.1:81983-82198	85.648	216	31	0	2	217	216	1	8.83e-63	228	77	gvpa_NZ_JANQDJ010000044.1:81983-82198 Umezakia ovalisporum Ak1311 k141_5690, whole genome shotgun sequence	437
samp_2147_917224	gvpa_NZ_JANQDJ010000044.1:81983-82198	90.164	122	12	0	316	437	216	95	3.27e-42	159	77	gvpa_NZ_JANQDJ010000044.1:81983-82198 Umezakia ovalisporum Ak1311 k141_5690, whole genome shotgun sequence	437
samp_2147_917224	gvpa_NZ_CP020114.1:991322-991537	83.796	216	35	0	2	217	216	1	4.14e-56	206	76	gvpa_NZ_CP020114.1:991322-991537 Nodularia spumigena UHCC 0039 chromosome, complete genome	437
samp_2147_917224	gvpa_NZ_CP020114.1:991322-991537	90.598	117	11	0	316	432	216	100	4.23e-41	156	76	gvpa_NZ_CP020114.1:991322-991537 Nodularia spumigena UHCC 0039 chromosome, complete genome	437
samp_2147_1139293	gvpa_NZ_JACJTO010000039.1:21140-21355	91.111	90	8	0	748	837	1	90	8.49e-31	122	11	gvpa_NZ_JACJTO010000039.1:21140-21355 Aphanizomenon flos-aquae FACHB-1287 contig39, whole genome shotgun sequence	850
samp_2147_1139293	gvpa_NZ_JACJTO010000039.1:21457-21672	91.111	90	8	0	748	837	1	90	8.49e-31	122	11	gvpa_NZ_JACJTO010000039.1:21457-21672 Aphanizomenon flos-aquae FACHB-1287 contig39, whole genome shotgun sequence	850
samp_2147_1239913	gvpa_NZ_JACJTO010000039.1:21140-21355	93.233	133	9	0	1	133	133	1	1.60e-53	196	67	gvpa_NZ_JACJTO010000039.1:21140-21355 Aphanizomenon flos-aquae FACHB-1287 contig39, whole genome shotgun sequence	284
samp_2147_1239913	gvpa_NZ_JACJTO010000039.1:21140-21355	98.214	56	1	0	229	284	216	161	4.64e-24	99.0	67	gvpa_NZ_JACJTO010000039.1:21140-21355 Aphanizomenon flos-aquae FACHB-1287 contig39, whole genome shotgun sequence	284
samp_2147_1239913	gvpa_NZ_JACJTO010000039.1:21457-21672	93.233	133	9	0	1	133	133	1	1.60e-53	196	67	gvpa_NZ_JACJTO010000039.1:21457-21672 Aphanizomenon flos-aquae FACHB-1287 contig39, whole genome shotgun sequence	284
samp_2147_1239913	gvpa_NZ_JACJTO010000039.1:21457-21672	98.214	56	1	0	229	284	216	161	4.64e-24	99.0	67	gvpa_NZ_JACJTO010000039.1:21457-21672 Aphanizomenon flos-aquae FACHB-1287 contig39, whole genome shotgun sequence	284
samp_2147_1239913	gvpa_NZ_CP073250.1:2493717-2493932	88.722	133	15	0	1	133	133	1	1.62e-43	163	47	gvpa_NZ_CP073250.1:2493717-2493932 Cylindrospermopsis raciborskii N8 chromosome, complete genome	284
samp_2147_1239913	gvpa_NZ_JANQDJ010000044.1:81983-82198	84.211	133	21	0	1	133	133	1	1.64e-33	130	47	gvpa_NZ_JANQDJ010000044.1:81983-82198 Umezakia ovalisporum Ak1311 k141_5690, whole genome shotgun sequence	284
samp_2147_1239913	gvpa_NZ_CP073250.1:2494040-2494255	96.429	56	2	0	229	284	216	161	2.16e-22	93.5	20	gvpa_NZ_CP073250.1:2494040-2494255 Cylindrospermopsis raciborskii N8 chromosome, complete genome	284
samp_2147_1239913	gvpa_NZ_CP020114.1:991665-991880	96.429	56	2	0	229	284	216	161	2.16e-22	93.5	20	gvpa_NZ_CP020114.1:991665-991880 Nodularia spumigena UHCC 0039 chromosome, complete genome	284
samp_2147_1239913	gvpa_NZ_CP020114.1:991322-991537	94.643	56	3	0	229	284	216	161	1.00e-20	87.9	20	gvpa_NZ_CP020114.1:991322-991537 Nodularia spumigena UHCC 0039 chromosome, complete genome	284
samp_2147_1268498	gvpa_NZ_JACJTO010000039.1:21140-21355	93.233	133	9	0	1	133	133	1	2.20e-53	196	35	gvpa_NZ_JACJTO010000039.1:21140-21355 Aphanizomenon flos-aquae FACHB-1287 contig39, whole genome shotgun sequence	385
samp_2147_1268498	gvpa_NZ_JACJTO010000039.1:21457-21672	93.233	133	9	0	1	133	133	1	2.20e-53	196	35	gvpa_NZ_JACJTO010000039.1:21457-21672 Aphanizomenon flos-aquae FACHB-1287 contig39, whole genome shotgun sequence	385
samp_2147_1268498	gvpa_NZ_CP073250.1:2493717-2493932	88.722	133	15	0	1	133	133	1	2.23e-43	163	35	gvpa_NZ_CP073250.1:2493717-2493932 Cylindrospermopsis raciborskii N8 chromosome, complete genome	385
samp_2147_1268498	gvpc_NZ_KE384633.1:153478-154206	96.875	96	2	1	290	385	729	635	2.88e-42	159	25	gvpc_NZ_KE384633.1:153478-154206 Dolichospermum circinale AWQC131C 131C_Scaffold5, whole genome shotgun sequence	385
samp_2147_1268498	gvpa_NZ_JANQDJ010000044.1:81983-82198	84.211	133	21	0	1	133	133	1	2.26e-33	130	35	gvpa_NZ_JANQDJ010000044.1:81983-82198 Umezakia ovalisporum Ak1311 k141_5690, whole genome shotgun sequence	385
samp_2147_1270291	gvpc_NZ_KE384633.1:153478-154206	97.059	476	14	0	286	761	729	254	0.0	802	25	gvpc_NZ_KE384633.1:153478-154206 Dolichospermum circinale AWQC131C 131C_Scaffold5, whole genome shotgun sequence	2101
samp_2147_1270291	gvpc_NZ_KE384633.1:153478-154206	99.187	369	3	0	448	816	369	1	0.0	665	25	gvpc_NZ_KE384633.1:153478-154206 Dolichospermum circinale AWQC131C 131C_Scaffold5, whole genome shotgun sequence	2101
samp_2147_1270291	gvpc_NZ_KE384633.1:153478-154206	92.038	314	25	0	448	761	468	155	1.43e-126	442	25	gvpc_NZ_KE384633.1:153478-154206 Dolichospermum circinale AWQC131C 131C_Scaffold5, whole genome shotgun sequence	2101
samp_2147_1270291	gvpc_NZ_KE384633.1:153478-154206	91.628	215	18	0	547	761	567	353	3.27e-83	298	25	gvpc_NZ_KE384633.1:153478-154206 Dolichospermum circinale AWQC131C 131C_Scaffold5, whole genome shotgun sequence	2101
samp_2147_1270291	gvpc_NZ_KE384633.1:153478-154206	91.163	215	19	0	448	662	270	56	1.52e-81	292	25	gvpc_NZ_KE384633.1:153478-154206 Dolichospermum circinale AWQC131C 131C_Scaffold5, whole genome shotgun sequence	2101
samp_2147_1270291	gvpc_NZ_KE384633.1:153478-154206	92.241	116	9	0	448	563	171	56	3.46e-43	165	25	gvpc_NZ_KE384633.1:153478-154206 Dolichospermum circinale AWQC131C 131C_Scaffold5, whole genome shotgun sequence	2101
samp_2147_1270291	gvpc_NZ_KE384633.1:153478-154206	92.241	116	9	0	646	761	567	452	3.46e-43	165	25	gvpc_NZ_KE384633.1:153478-154206 Dolichospermum circinale AWQC131C 131C_Scaffold5, whole genome shotgun sequence	2101
samp_2147_1270291	gvpa_NZ_JACJTO010000039.1:21140-21355	93.233	133	9	0	1	133	133	1	1.23e-52	196	6	gvpa_NZ_JACJTO010000039.1:21140-21355 Aphanizomenon flos-aquae FACHB-1287 contig39, whole genome shotgun sequence	2101
samp_2147_1270291	gvpa_NZ_JACJTO010000039.1:21457-21672	93.233	133	9	0	1	133	133	1	1.23e-52	196	6	gvpa_NZ_JACJTO010000039.1:21457-21672 Aphanizomenon flos-aquae FACHB-1287 contig39, whole genome shotgun sequence	2101
samp_2147_1270291	gvpa_NZ_CP073250.1:2493717-2493932	88.722	133	15	0	1	133	133	1	1.24e-42	163	6	gvpa_NZ_CP073250.1:2493717-2493932 Cylindrospermopsis raciborskii N8 chromosome, complete genome	2101
samp_2147_1270291	gvpa_NZ_JANQDJ010000044.1:81983-82198	84.211	133	21	0	1	133	133	1	1.26e-32	130	6	gvpa_NZ_JANQDJ010000044.1:81983-82198 Umezakia ovalisporum Ak1311 k141_5690, whole genome shotgun sequence	2101
samp_2147_1335067	gvpa_NZ_JACJTO010000039.1:21457-21672	94.972	179	9	0	251	429	216	38	6.56e-79	281	76	gvpa_NZ_JACJTO010000039.1:21457-21672 Aphanizomenon flos-aquae FACHB-1287 contig39, whole genome shotgun sequence	429
samp_2147_1335067	gvpa_NZ_JACJTO010000039.1:21457-21672	93.243	148	10	0	1	148	148	1	5.22e-60	219	76	gvpa_NZ_JACJTO010000039.1:21457-21672 Aphanizomenon flos-aquae FACHB-1287 contig39, whole genome shotgun sequence	429
samp_2147_1335067	gvpa_NZ_JACJTO010000039.1:21140-21355	94.413	179	10	0	251	429	216	38	3.05e-77	276	76	gvpa_NZ_JACJTO010000039.1:21140-21355 Aphanizomenon flos-aquae FACHB-1287 contig39, whole genome shotgun sequence	429
samp_2147_1335067	gvpa_NZ_JACJTO010000039.1:21140-21355	93.243	148	10	0	1	148	148	1	5.22e-60	219	76	gvpa_NZ_JACJTO010000039.1:21140-21355 Aphanizomenon flos-aquae FACHB-1287 contig39, whole genome shotgun sequence	429
samp_2147_1335067	gvpa_NZ_CP020114.1:991665-991880	91.061	179	16	0	251	429	216	38	3.10e-67	243	42	gvpa_NZ_CP020114.1:991665-991880 Nodularia spumigena UHCC 0039 chromosome, complete genome	429
samp_2147_1335067	gvpa_NZ_CP073250.1:2494040-2494255	90.503	179	17	0	251	429	216	38	1.44e-65	237	42	gvpa_NZ_CP073250.1:2494040-2494255 Cylindrospermopsis raciborskii N8 chromosome, complete genome	429
samp_2147_1335067	gvpa_NZ_CP073250.1:2493717-2493932	89.944	179	18	0	251	429	216	38	6.70e-64	231	76	gvpa_NZ_CP073250.1:2493717-2493932 Cylindrospermopsis raciborskii N8 chromosome, complete genome	429
samp_2147_1335067	gvpa_NZ_CP073250.1:2493717-2493932	87.838	148	18	0	1	148	148	1	1.15e-46	174	76	gvpa_NZ_CP073250.1:2493717-2493932 Cylindrospermopsis raciborskii N8 chromosome, complete genome	429
samp_2147_1335067	gvpa_NZ_CP020114.1:991322-991537	88.827	179	20	0	251	429	216	38	1.45e-60	220	42	gvpa_NZ_CP020114.1:991322-991537 Nodularia spumigena UHCC 0039 chromosome, complete genome	429
samp_2147_1335067	gvpa_NZ_JANQDJ010000044.1:81983-82198	87.709	179	22	0	251	429	216	38	3.14e-57	209	76	gvpa_NZ_JANQDJ010000044.1:81983-82198 Umezakia ovalisporum Ak1311 k141_5690, whole genome shotgun sequence	429
samp_2147_1335067	gvpa_NZ_JANQDJ010000044.1:81983-82198	83.784	148	24	0	1	148	148	1	1.16e-36	141	76	gvpa_NZ_JANQDJ010000044.1:81983-82198 Umezakia ovalisporum Ak1311 k141_5690, whole genome shotgun sequence	429
samp_2147_1377774	gvpa_NZ_CP047242.1:1394013-1394228	81.481	135	25	0	1	135	135	1	1.14e-27	111	25	gvpa_NZ_CP047242.1:1394013-1394228 Trichormus variabilis 0441 chromosome, complete genome	533
